idx,title,year,poster,status,tmdb_id
1,Wicked,1998,posters/movies_thriller_firstgenre_1996-2025_cap500/tt0120088.jpg,downloaded,44046
2,The Smokers,2000,posters/movies_thriller_firstgenre_1996-2025_cap500/tt0205418.jpg,downloaded,32309
3,Postmortem,1998,posters/movies_thriller_firstgenre_1996-2025_cap500/tt0130192.jpg,downloaded,43913
4,Sorted,2000,posters/movies_thriller_firstgenre_1996-2025_cap500/tt0221563.jpg,downloaded,1156207
5,The Ex,1996,posters/movies_thriller_firstgenre_1996-2025_cap500/tt0119084.jpg,downloaded,240681
6,Second Skin,2000,posters/movies_thriller_firstgenre_1996-2025_cap500/tt0244196.jpg,downloaded,60119
7,Six-Pack,2000,posters/movies_thriller_firstgenre_1996-2025_cap500/tt0221554.jpg,downloaded,5643
8,Going Off Big Time,2000,posters/movies_thriller_firstgenre_1996-2025_cap500/tt0241492.jpg,downloaded,26274
9,Blowback,2000,posters/movies_thriller_firstgenre_1996-2025_cap500/tt0201484.jpg,downloaded,129935
10,Almost Blue,2000,posters/movies_thriller_firstgenre_1996-2025_cap500/tt0169543.jpg,downloaded,58195
11,Striking Poses,1998,posters/movies_thriller_firstgenre_1996-2025_cap500/tt0192638.jpg,downloaded,49058
12,White Water Fury,2000,posters/movies_thriller_firstgenre_1996-2025_cap500/tt0216851.jpg,downloaded,67919
13,Kate's Addiction,1999,posters/movies_thriller_firstgenre_1996-2025_cap500/tt0190503.jpg,downloaded,50813
14,Hit & Run,1997,posters/movies_thriller_firstgenre_1996-2025_cap500/tt0119298.jpg,downloaded,273889
15,The Last Stop,2000,posters/movies_thriller_firstgenre_1996-2025_cap500/tt0191242.jpg,downloaded,55026
16,Two Shades of Blue,1999,posters/movies_thriller_firstgenre_1996-2025_cap500/tt0161029.jpg,downloaded,127483
17,14 Days to Life,1997,posters/movies_thriller_firstgenre_1996-2025_cap500/tt0118529.jpg,downloaded,10369
18,At Dawn They Sleep,2000,posters/movies_thriller_firstgenre_1996-2025_cap500/tt0447604.jpg,downloaded,325594
19,The Diver,2000,posters/movies_thriller_firstgenre_1996-2025_cap500/tt0198434.jpg,downloaded,175545
20,Held for Ransom,2000,posters/movies_thriller_firstgenre_1996-2025_cap500/tt0214757.jpg,downloaded,169801
21,You're Dead...,1999,posters/movies_thriller_firstgenre_1996-2025_cap500/tt0178997.jpg,downloaded,5282
22,The Stray,2000,posters/movies_thriller_firstgenre_1996-2025_cap500/tt0194410.jpg,downloaded,231204
23,The Little Girl Who Fell from the Tree,1998,,no_match,
24,Tripfall,2000,posters/movies_thriller_firstgenre_1996-2025_cap500/tt0176244.jpg,downloaded,89553
25,The List,2000,posters/movies_thriller_firstgenre_1996-2025_cap500/tt0217621.jpg,downloaded,47216
26,Credo,1997,posters/movies_thriller_firstgenre_1996-2025_cap500/tt0117155.jpg,downloaded,169012
27,Misbegotten,1997,posters/movies_thriller_firstgenre_1996-2025_cap500/tt0131484.jpg,downloaded,360360
28,The Pass,1998,posters/movies_thriller_firstgenre_1996-2025_cap500/tt0144548.jpg,downloaded,149514
29,Franck Spadone,1999,posters/movies_thriller_firstgenre_1996-2025_cap500/tt0166199.jpg,downloaded,52684
30,Twist of Fate,1998,posters/movies_thriller_firstgenre_1996-2025_cap500/tt0153360.jpg,downloaded,223323
31,The Perfect Tenant,2000,posters/movies_thriller_firstgenre_1996-2025_cap500/tt0160652.jpg,downloaded,220946
32,The Secret Pact,1999,posters/movies_thriller_firstgenre_1996-2025_cap500/tt0156859.jpg,downloaded,251544
33,BlackMale,2000,posters/movies_thriller_firstgenre_1996-2025_cap500/tt0132885.jpg,downloaded,44574
34,En face,2000,posters/movies_thriller_firstgenre_1996-2025_cap500/tt0208655.jpg,downloaded,78559
35,Deathly Compulsion,1999,posters/movies_thriller_firstgenre_1996-2025_cap500/tt0176686.jpg,downloaded,146468
36,The Giraffe,1998,posters/movies_thriller_firstgenre_1996-2025_cap500/tt0154870.jpg,downloaded,80436
37,The Sexy Mysterious Murders,2000,,no_poster,258377
38,Amnesia,1996,posters/movies_thriller_firstgenre_1996-2025_cap500/tt0118608.jpg,downloaded,42070
39,Hot War,1998,posters/movies_thriller_firstgenre_1996-2025_cap500/tt0181582.jpg,downloaded,58363
40,Sheer Passion,1998,posters/movies_thriller_firstgenre_1996-2025_cap500/tt0148835.jpg,downloaded,364906
41,Dead Silent,1999,posters/movies_thriller_firstgenre_1996-2025_cap500/tt0195630.jpg,downloaded,111014
42,Sweet Angel Mine,1996,posters/movies_thriller_firstgenre_1996-2025_cap500/tt0117799.jpg,downloaded,112820
43,Requiem for Murder,1999,posters/movies_thriller_firstgenre_1996-2025_cap500/tt0152174.jpg,downloaded,279762
44,Sweet Evil,1996,posters/movies_thriller_firstgenre_1996-2025_cap500/tt0116306.jpg,downloaded,288684
45,Uyirile Kalanthathu,2000,posters/movies_thriller_firstgenre_1996-2025_cap500/tt4971292.jpg,downloaded,264069
46,Fait Accompli,1998,posters/movies_thriller_firstgenre_1996-2025_cap500/tt0158609.jpg,downloaded,262526
47,For Hire,1997,posters/movies_thriller_firstgenre_1996-2025_cap500/tt0159446.jpg,downloaded,317551
48,Interlocked: Thrilled to Death,1998,posters/movies_thriller_firstgenre_1996-2025_cap500/tt0147906.jpg,downloaded,71474
49,Double Take,1997,posters/movies_thriller_firstgenre_1996-2025_cap500/tt0119011.jpg,downloaded,492021
50,One Good Turn,1996,posters/movies_thriller_firstgenre_1996-2025_cap500/tt0114041.jpg,downloaded,291427
51,Long Hello and Short Goodbye,1999,posters/movies_thriller_firstgenre_1996-2025_cap500/tt0139429.jpg,downloaded,12575
52,Water Damage,1999,posters/movies_thriller_firstgenre_1996-2025_cap500/tt0182526.jpg,downloaded,250558
53,Kaliber Deluxe,2000,posters/movies_thriller_firstgenre_1996-2025_cap500/tt0221315.jpg,downloaded,80106
54,Passage à l'acte,1996,posters/movies_thriller_firstgenre_1996-2025_cap500/tt0117303.jpg,downloaded,159465
55,The Contract,1999,posters/movies_thriller_firstgenre_1996-2025_cap500/tt0191911.jpg,downloaded,1018254
56,To the Limit,1997,posters/movies_thriller_firstgenre_1996-2025_cap500/tt0127368.jpg,downloaded,46653
57,"Sleep Easy, Hutch Rimes",2000,posters/movies_thriller_firstgenre_1996-2025_cap500/tt0222375.jpg,downloaded,73677
58,"I Love You, Baby",2000,,no_poster,2126
59,Prisoner of Love,1999,posters/movies_thriller_firstgenre_1996-2025_cap500/tt0170454.jpg,downloaded,46945
60,Out of Control,1998,posters/movies_thriller_firstgenre_1996-2025_cap500/tt0120779.jpg,downloaded,208195
61,The Art of Murder,1999,posters/movies_thriller_firstgenre_1996-2025_cap500/tt0220982.jpg,downloaded,224257
62,Ladykiller,1996,posters/movies_thriller_firstgenre_1996-2025_cap500/tt0116814.jpg,downloaded,29348
63,Lithivm,1998,posters/movies_thriller_firstgenre_1996-2025_cap500/tt0133927.jpg,downloaded,104839
64,Revenge,2000,posters/movies_thriller_firstgenre_1996-2025_cap500/tt0165928.jpg,downloaded,631416
65,Dangerous Invitation,1999,posters/movies_thriller_firstgenre_1996-2025_cap500/tt0162924.jpg,downloaded,253072
66,The Unscarred,2000,posters/movies_thriller_firstgenre_1996-2025_cap500/tt0160256.jpg,downloaded,339308
67,The Fall,1999,posters/movies_thriller_firstgenre_1996-2025_cap500/tt0171308.jpg,downloaded,28519
68,Stranger in the House,1997,posters/movies_thriller_firstgenre_1996-2025_cap500/tt0120222.jpg,downloaded,191874
69,Housebound,2000,posters/movies_thriller_firstgenre_1996-2025_cap500/tt0160434.jpg,downloaded,278834
70,Undercurrent,1998,posters/movies_thriller_firstgenre_1996-2025_cap500/tt0145551.jpg,downloaded,1100859
71,Error in Judgment,1999,posters/movies_thriller_firstgenre_1996-2025_cap500/tt0144900.jpg,downloaded,312518
72,Stringer,1999,posters/movies_thriller_firstgenre_1996-2025_cap500/tt0171791.jpg,downloaded,127234
73,Redball,1999,posters/movies_thriller_firstgenre_1996-2025_cap500/tt0163178.jpg,downloaded,170200
74,Suspicious Minds,1997,posters/movies_thriller_firstgenre_1996-2025_cap500/tt0139630.jpg,downloaded,185392
75,Sand Trap,1997,posters/movies_thriller_firstgenre_1996-2025_cap500/tt0152279.jpg,downloaded,254601
76,Sublet,1998,posters/movies_thriller_firstgenre_1996-2025_cap500/tt0170634.jpg,downloaded,365432
77,House Full,1999,,no_poster,263461
78,Breathtaking,2000,posters/movies_thriller_firstgenre_1996-2025_cap500/tt0239273.jpg,downloaded,472513
79,Motel Blue,1997,posters/movies_thriller_firstgenre_1996-2025_cap500/tt0133981.jpg,downloaded,286993
80,Wildflower,2000,posters/movies_thriller_firstgenre_1996-2025_cap500/tt0205526.jpg,downloaded,44047
81,The Mystery of Spoon River,2000,posters/movies_thriller_firstgenre_1996-2025_cap500/tt0265357.jpg,downloaded,152434
82,Sacred Cargo,1996,posters/movies_thriller_firstgenre_1996-2025_cap500/tt0114321.jpg,downloaded,291729
83,Kannezhuthi Pottum Thottu,1999,posters/movies_thriller_firstgenre_1996-2025_cap500/tt0255295.jpg,downloaded,351707
84,Mind Rage,1996,posters/movies_thriller_firstgenre_1996-2025_cap500/tt0251272.jpg,downloaded,485624
85,Red Eye,2005,posters/movies_thriller_firstgenre_1996-2025_cap500/tt0421239.jpg,downloaded,11460
86,Fear X,2003,posters/movies_thriller_firstgenre_1996-2025_cap500/tt0289944.jpg,downloaded,37696
87,Wolf,2004,posters/movies_thriller_firstgenre_1996-2025_cap500/tt0385842.jpg,downloaded,200781
88,Winter's End,2005,posters/movies_thriller_firstgenre_1996-2025_cap500/tt0470168.jpg,downloaded,903802
89,Shadow of Fear,2004,posters/movies_thriller_firstgenre_1996-2025_cap500/tt0378306.jpg,downloaded,69892
90,Gone,2002,posters/movies_thriller_firstgenre_1996-2025_cap500/tt0339079.jpg,downloaded,17963
91,Karam,2005,posters/movies_thriller_firstgenre_1996-2025_cap500/tt0444849.jpg,downloaded,391346
92,Tempted,2001,posters/movies_thriller_firstgenre_1996-2025_cap500/tt0265859.jpg,downloaded,71204
93,Picture Claire,2001,posters/movies_thriller_firstgenre_1996-2025_cap500/tt0263215.jpg,downloaded,28311
94,Tough Luck,2003,posters/movies_thriller_firstgenre_1996-2025_cap500/tt0376263.jpg,downloaded,54772
95,Experiment,2005,posters/movies_thriller_firstgenre_1996-2025_cap500/tt0468476.jpg,downloaded,25967
96,The 7th Lie,2003,posters/movies_thriller_firstgenre_1996-2025_cap500/tt0388670.jpg,downloaded,574552
97,Stealing Candy,2003,posters/movies_thriller_firstgenre_1996-2025_cap500/tt0324071.jpg,downloaded,71763
98,Moonlight,2002,posters/movies_thriller_firstgenre_1996-2025_cap500/tt0245294.jpg,downloaded,75177
99,Shelter Island,2003,posters/movies_thriller_firstgenre_1996-2025_cap500/tt0337717.jpg,downloaded,38553
100,The Art of Losing,2004,posters/movies_thriller_firstgenre_1996-2025_cap500/tt0404318.jpg,downloaded,34005
101,Body to Body,2003,posters/movies_thriller_firstgenre_1996-2025_cap500/tt0308131.jpg,downloaded,822382
102,The Circle,2002,posters/movies_thriller_firstgenre_1996-2025_cap500/tt0281726.jpg,downloaded,857416
103,Cavite,2005,posters/movies_thriller_firstgenre_1996-2025_cap500/tt0428303.jpg,downloaded,67238
104,The Collector,2002,posters/movies_thriller_firstgenre_1996-2025_cap500/tt0303858.jpg,downloaded,1156892
105,Angels Don't Sleep Here,2002,posters/movies_thriller_firstgenre_1996-2025_cap500/tt0241183.jpg,downloaded,278111
106,Frozen,2005,posters/movies_thriller_firstgenre_1996-2025_cap500/tt0376606.jpg,downloaded,26041
107,Cámara oscura,2003,posters/movies_thriller_firstgenre_1996-2025_cap500/tt0407707.jpg,downloaded,35942
108,Nowhere in Sight,2001,posters/movies_thriller_firstgenre_1996-2025_cap500/tt0251308.jpg,downloaded,269124
109,Suspended Animation,2001,posters/movies_thriller_firstgenre_1996-2025_cap500/tt0271809.jpg,downloaded,28446
110,Your Name Is Justine,2005,posters/movies_thriller_firstgenre_1996-2025_cap500/tt0479257.jpg,downloaded,65302
111,Duplicity,2005,posters/movies_thriller_firstgenre_1996-2025_cap500/tt0368375.jpg,downloaded,48431
112,EMR,2004,posters/movies_thriller_firstgenre_1996-2025_cap500/tt0398037.jpg,downloaded,65096
113,Layover,2001,posters/movies_thriller_firstgenre_1996-2025_cap500/tt0242592.jpg,downloaded,87633
114,Choke,2001,posters/movies_thriller_firstgenre_1996-2025_cap500/tt0265118.jpg,downloaded,38640
115,Lethal Eviction,2005,posters/movies_thriller_firstgenre_1996-2025_cap500/tt0416918.jpg,downloaded,105292
116,Net Games,2003,posters/movies_thriller_firstgenre_1996-2025_cap500/tt0330203.jpg,downloaded,2156
117,The Lost Angel,2005,posters/movies_thriller_firstgenre_1996-2025_cap500/tt0388209.jpg,downloaded,67616
118,Protection,2001,posters/movies_thriller_firstgenre_1996-2025_cap500/tt0265581.jpg,downloaded,21040
119,Second to Die,2002,posters/movies_thriller_firstgenre_1996-2025_cap500/tt0217031.jpg,downloaded,224197
120,Flies on the Wall,2005,posters/movies_thriller_firstgenre_1996-2025_cap500/tt0428546.jpg,downloaded,57272
121,Women of the Night,2001,posters/movies_thriller_firstgenre_1996-2025_cap500/tt0177997.jpg,downloaded,80847
122,Drum,2004,posters/movies_thriller_firstgenre_1996-2025_cap500/tt0379765.jpg,downloaded,60665
123,Revolution #9,2001,posters/movies_thriller_firstgenre_1996-2025_cap500/tt0253586.jpg,downloaded,326890
124,The Hook,2004,posters/movies_thriller_firstgenre_1996-2025_cap500/tt0377080.jpg,downloaded,14656
125,Posledniy uik-end,2005,posters/movies_thriller_firstgenre_1996-2025_cap500/tt0764271.jpg,downloaded,386626
126,This Is Not a Love Song,2002,posters/movies_thriller_firstgenre_1996-2025_cap500/tt0310224.jpg,downloaded,47458
127,Cover Story,2002,posters/movies_thriller_firstgenre_1996-2025_cap500/tt0288488.jpg,downloaded,219312
128,The Dangerous Sex Date,2001,posters/movies_thriller_firstgenre_1996-2025_cap500/tt0303645.jpg,downloaded,72118
129,Synesthesia,2005,posters/movies_thriller_firstgenre_1996-2025_cap500/tt0466006.jpg,downloaded,98208
130,Tristan,2003,posters/movies_thriller_firstgenre_1996-2025_cap500/tt0318773.jpg,downloaded,65957
131,Angel Blade,2002,posters/movies_thriller_firstgenre_1996-2025_cap500/tt0291180.jpg,downloaded,84800
132,Baby Blue,2001,posters/movies_thriller_firstgenre_1996-2025_cap500/tt0252253.jpg,downloaded,2922
133,Family Under Siege,2004,posters/movies_thriller_firstgenre_1996-2025_cap500/tt0330242.jpg,downloaded,257654
134,H.P. Lovecraft - The Terror Within,2005,,no_match,
135,Menace,2001,posters/movies_thriller_firstgenre_1996-2025_cap500/tt0457592.jpg,downloaded,65083
136,Dans l'oeil du chat,2004,posters/movies_thriller_firstgenre_1996-2025_cap500/tt0387155.jpg,downloaded,218206
137,Ordinary Man,2005,posters/movies_thriller_firstgenre_1996-2025_cap500/tt0448920.jpg,downloaded,183686
138,Danger,2005,posters/movies_thriller_firstgenre_1996-2025_cap500/tt1579943.jpg,downloaded,132445
139,Kaaterskill Falls,2001,posters/movies_thriller_firstgenre_1996-2025_cap500/tt0283429.jpg,downloaded,212897
140,Deadly Little Secrets,2002,posters/movies_thriller_firstgenre_1996-2025_cap500/tt0253028.jpg,downloaded,158684
141,Rapid Fear,2004,posters/movies_thriller_firstgenre_1996-2025_cap500/tt0434299.jpg,downloaded,94911
142,Imposture,2005,posters/movies_thriller_firstgenre_1996-2025_cap500/tt0261759.jpg,downloaded,13708
143,An Ordinary Killer,2003,,no_poster,45373
144,The Burial Society,2002,posters/movies_thriller_firstgenre_1996-2025_cap500/tt0312510.jpg,downloaded,206175
145,The Drone Virus,2004,posters/movies_thriller_firstgenre_1996-2025_cap500/tt0381150.jpg,downloaded,20315
146,Tödlicher Umweg,2004,posters/movies_thriller_firstgenre_1996-2025_cap500/tt0367181.jpg,downloaded,121977
147,Threat of Exposure,2002,posters/movies_thriller_firstgenre_1996-2025_cap500/tt0276877.jpg,downloaded,294247
148,Good Neighbor,2001,posters/movies_thriller_firstgenre_1996-2025_cap500/tt0257721.jpg,downloaded,331146
149,Love.com,2002,posters/movies_thriller_firstgenre_1996-2025_cap500/tt0202458.jpg,downloaded,297847
150,No Witness,2004,posters/movies_thriller_firstgenre_1996-2025_cap500/tt0393537.jpg,downloaded,29363
151,Black Wine,2005,posters/movies_thriller_firstgenre_1996-2025_cap500/tt0301036.jpg,downloaded,595966
152,Wrong Number,2001,posters/movies_thriller_firstgenre_1996-2025_cap500/tt0268762.jpg,downloaded,138626
153,Chehraa,2005,posters/movies_thriller_firstgenre_1996-2025_cap500/tt0449870.jpg,downloaded,239043
154,Blind Heat,2001,posters/movies_thriller_firstgenre_1996-2025_cap500/tt0236026.jpg,downloaded,279575
155,Girl in,2003,posters/movies_thriller_firstgenre_1996-2025_cap500/tt0447172.jpg,downloaded,18486
156,Absolut,2004,,no_poster,44996
157,The Sin,2004,posters/movies_thriller_firstgenre_1996-2025_cap500/tt0783798.jpg,downloaded,682722
158,Asylum Days,2001,posters/movies_thriller_firstgenre_1996-2025_cap500/tt0285440.jpg,downloaded,197341
159,Nazar,2005,posters/movies_thriller_firstgenre_1996-2025_cap500/tt0456558.jpg,downloaded,522926
160,Suffocation,2005,posters/movies_thriller_firstgenre_1996-2025_cap500/tt0470621.jpg,downloaded,121752
161,New World Order,2002,posters/movies_thriller_firstgenre_1996-2025_cap500/tt0303287.jpg,downloaded,569885
162,Headnoise,2002,posters/movies_thriller_firstgenre_1996-2025_cap500/tt0320795.jpg,downloaded,341256
163,Fu bo,2003,posters/movies_thriller_firstgenre_1996-2025_cap500/tt0388075.jpg,downloaded,39751
164,The Legend of Diablo,2003,posters/movies_thriller_firstgenre_1996-2025_cap500/tt0363565.jpg,downloaded,59546
165,Stillwater,2005,posters/movies_thriller_firstgenre_1996-2025_cap500/tt0427900.jpg,downloaded,178509
166,South by Southeast,2005,,no_poster,112415
167,Ronnie,2002,posters/movies_thriller_firstgenre_1996-2025_cap500/tt0248974.jpg,downloaded,14923
168,The Canyon,2009,posters/movies_thriller_firstgenre_1996-2025_cap500/tt0960741.jpg,downloaded,26223
169,The Hide,2008,posters/movies_thriller_firstgenre_1996-2025_cap500/tt1305816.jpg,downloaded,533015
170,The Man Next Door,2009,posters/movies_thriller_firstgenre_1996-2025_cap500/tt1529252.jpg,downloaded,47383
171,Secret Defense,2008,posters/movies_thriller_firstgenre_1996-2025_cap500/tt1003052.jpg,downloaded,18940
172,Gen,2006,posters/movies_thriller_firstgenre_1996-2025_cap500/tt0782042.jpg,downloaded,52131
173,El rey de la montaña,2007,posters/movies_thriller_firstgenre_1996-2025_cap500/tt1085862.jpg,downloaded,14657
174,One Way,2006,posters/movies_thriller_firstgenre_1996-2025_cap500/tt0484382.jpg,downloaded,7298
175,I Come with the Rain,2009,posters/movies_thriller_firstgenre_1996-2025_cap500/tt1024744.jpg,downloaded,31166
176,The Candidate,2008,posters/movies_thriller_firstgenre_1996-2025_cap500/tt1054113.jpg,downloaded,15932
177,Exit Speed,2008,posters/movies_thriller_firstgenre_1996-2025_cap500/tt1042497.jpg,downloaded,17144
178,Missionary Man,2007,posters/movies_thriller_firstgenre_1996-2025_cap500/tt0926110.jpg,downloaded,13723
179,Reykjavik-Rotterdam,2008,posters/movies_thriller_firstgenre_1996-2025_cap500/tt1233576.jpg,downloaded,63907
180,Headhunter,2009,posters/movies_thriller_firstgenre_1996-2025_cap500/tt1322315.jpg,downloaded,20458
181,Messages Deleted,2010,posters/movies_thriller_firstgenre_1996-2025_cap500/tt1072754.jpg,downloaded,79073
182,The Heavy,2009,,no_poster,174956
183,Dog Eat Dog,2008,posters/movies_thriller_firstgenre_1996-2025_cap500/tt1157631.jpg,downloaded,33558
184,The List,2007,posters/movies_thriller_firstgenre_1996-2025_cap500/tt0762115.jpg,downloaded,7350
185,The Dark House,2009,posters/movies_thriller_firstgenre_1996-2025_cap500/tt1388411.jpg,downloaded,32860
186,Order of Chaos,2010,posters/movies_thriller_firstgenre_1996-2025_cap500/tt1159721.jpg,downloaded,35004
187,Formosa Betrayed,2009,posters/movies_thriller_firstgenre_1996-2025_cap500/tt1121786.jpg,downloaded,41616
188,The Ghost,2008,posters/movies_thriller_firstgenre_1996-2025_cap500/tt1194607.jpg,downloaded,14092
189,Legacy,2010,posters/movies_thriller_firstgenre_1996-2025_cap500/tt1436034.jpg,downloaded,20526
190,Impact Point,2008,posters/movies_thriller_firstgenre_1996-2025_cap500/tt1086841.jpg,downloaded,14156
191,Terror Trap,2010,posters/movies_thriller_firstgenre_1996-2025_cap500/tt1444252.jpg,downloaded,48669
192,The Truth,2010,posters/movies_thriller_firstgenre_1996-2025_cap500/tt1315419.jpg,downloaded,39240
193,Private Eye,2009,posters/movies_thriller_firstgenre_1996-2025_cap500/tt1483004.jpg,downloaded,31714
194,The Boy She Met Online,2010,posters/movies_thriller_firstgenre_1996-2025_cap500/tt1536536.jpg,downloaded,71328
195,Game,2006,posters/movies_thriller_firstgenre_1996-2025_cap500/tt0925081.jpg,downloaded,60160
196,Fire from Below,2009,posters/movies_thriller_firstgenre_1996-2025_cap500/tt1137455.jpg,downloaded,7177
197,Nenu Meeku Telusa...?,2008,posters/movies_thriller_firstgenre_1996-2025_cap500/tt1296409.jpg,downloaded,82197
198,Missing,2009,posters/movies_thriller_firstgenre_1996-2025_cap500/tt1562437.jpg,downloaded,56606
199,Snakes and Earrings,2008,posters/movies_thriller_firstgenre_1996-2025_cap500/tt1254249.jpg,downloaded,38551
200,Bulletface,2010,posters/movies_thriller_firstgenre_1996-2025_cap500/tt0878654.jpg,downloaded,37503
201,Bloedbroeders,2008,posters/movies_thriller_firstgenre_1996-2025_cap500/tt1071201.jpg,downloaded,21777
202,Troubled Waters,2006,posters/movies_thriller_firstgenre_1996-2025_cap500/tt0816683.jpg,downloaded,36946
203,The Hessen Conspiracy,2009,posters/movies_thriller_firstgenre_1996-2025_cap500/tt1153106.jpg,downloaded,6163
204,Secret,2009,posters/movies_thriller_firstgenre_1996-2025_cap500/tt1533086.jpg,downloaded,912720
205,Kill Kill Faster Faster,2008,posters/movies_thriller_firstgenre_1996-2025_cap500/tt0785016.jpg,downloaded,18849
206,Natasha,2007,posters/movies_thriller_firstgenre_1996-2025_cap500/tt0453521.jpg,downloaded,25577
207,The Key,2007,posters/movies_thriller_firstgenre_1996-2025_cap500/tt0920454.jpg,downloaded,49708
208,Deep End,2008,posters/movies_thriller_firstgenre_1996-2025_cap500/tt1095218.jpg,downloaded,29132
209,White as Snow,2010,posters/movies_thriller_firstgenre_1996-2025_cap500/tt1454907.jpg,downloaded,367352
210,Ghost Image,2007,posters/movies_thriller_firstgenre_1996-2025_cap500/tt0861772.jpg,downloaded,41555
211,The Bait,2009,posters/movies_thriller_firstgenre_1996-2025_cap500/tt1263657.jpg,downloaded,596061
212,Disorder,2006,posters/movies_thriller_firstgenre_1996-2025_cap500/tt0816478.jpg,downloaded,64769
213,Juncture,2007,posters/movies_thriller_firstgenre_1996-2025_cap500/tt0765462.jpg,downloaded,17167
214,Palimpsest,2006,posters/movies_thriller_firstgenre_1996-2025_cap500/tt0805580.jpg,downloaded,88334
215,A Million,2009,posters/movies_thriller_firstgenre_1996-2025_cap500/tt1535419.jpg,downloaded,45083
216,He Ain't Like That,2010,posters/movies_thriller_firstgenre_1996-2025_cap500/tt1114710.jpg,downloaded,110942
217,The Passage,2007,posters/movies_thriller_firstgenre_1996-2025_cap500/tt0961073.jpg,downloaded,62800
218,Slip,2006,posters/movies_thriller_firstgenre_1996-2025_cap500/tt0827786.jpg,downloaded,31999
219,Parallel Life,2010,posters/movies_thriller_firstgenre_1996-2025_cap500/tt1533085.jpg,downloaded,52441
220,Bad Faith,2010,posters/movies_thriller_firstgenre_1996-2025_cap500/tt1373454.jpg,downloaded,56741
221,Final Move,2006,posters/movies_thriller_firstgenre_1996-2025_cap500/tt0460796.jpg,downloaded,71013
222,Escort,2006,posters/movies_thriller_firstgenre_1996-2025_cap500/tt0768830.jpg,downloaded,75179
223,Alarm,2008,posters/movies_thriller_firstgenre_1996-2025_cap500/tt1135960.jpg,downloaded,58678
224,25 Carat,2008,posters/movies_thriller_firstgenre_1996-2025_cap500/tt1176928.jpg,downloaded,33842
225,Forbidden Attraction,2010,posters/movies_thriller_firstgenre_1996-2025_cap500/tt1308754.jpg,downloaded,50604
226,The Killer,2007,posters/movies_thriller_firstgenre_1996-2025_cap500/tt0940782.jpg,downloaded,33817
227,True True Lie,2006,posters/movies_thriller_firstgenre_1996-2025_cap500/tt0493419.jpg,downloaded,18245
228,Night Runner,2009,posters/movies_thriller_firstgenre_1996-2025_cap500/tt1289388.jpg,downloaded,48920
229,Harm's Way,2008,posters/movies_thriller_firstgenre_1996-2025_cap500/tt0879405.jpg,downloaded,60492
230,31 North 62 East,2009,posters/movies_thriller_firstgenre_1996-2025_cap500/tt1235404.jpg,downloaded,58781
231,For Sale by Owner,2006,posters/movies_thriller_firstgenre_1996-2025_cap500/tt0762096.jpg,downloaded,45655
232,Plastic City,2008,posters/movies_thriller_firstgenre_1996-2025_cap500/tt1054119.jpg,downloaded,12434
233,Messages,2007,posters/movies_thriller_firstgenre_1996-2025_cap500/tt0411644.jpg,downloaded,59549
234,You Belong to Me,2007,posters/movies_thriller_firstgenre_1996-2025_cap500/tt1038119.jpg,downloaded,116010
235,The Confidant,2010,posters/movies_thriller_firstgenre_1996-2025_cap500/tt1449394.jpg,downloaded,740564
236,Thana Theke Aschi,2010,posters/movies_thriller_firstgenre_1996-2025_cap500/tt1742190.jpg,downloaded,721400
237,Case Unknown,2009,posters/movies_thriller_firstgenre_1996-2025_cap500/tt1463403.jpg,downloaded,30254
238,Match.Dead,2009,posters/movies_thriller_firstgenre_1996-2025_cap500/tt1218507.jpg,downloaded,60765
239,The Grind,2009,posters/movies_thriller_firstgenre_1996-2025_cap500/tt1209331.jpg,downloaded,38762
240,The Distance,2006,posters/movies_thriller_firstgenre_1996-2025_cap500/tt0470281.jpg,downloaded,1581
241,The Counsel,2010,posters/movies_thriller_firstgenre_1996-2025_cap500/tt1474255.jpg,downloaded,57391
242,Interstate,2007,posters/movies_thriller_firstgenre_1996-2025_cap500/tt0498358.jpg,downloaded,39379
243,Oral Fixation,2009,posters/movies_thriller_firstgenre_1996-2025_cap500/tt1179064.jpg,downloaded,35734
244,Love at First Kill,2008,posters/movies_thriller_firstgenre_1996-2025_cap500/tt1038680.jpg,downloaded,16927
245,Surviving Crooked Lake,2008,posters/movies_thriller_firstgenre_1996-2025_cap500/tt1177094.jpg,downloaded,56023
246,Project Solitude,2009,posters/movies_thriller_firstgenre_1996-2025_cap500/tt1336624.jpg,downloaded,595627
247,Lift,2006,posters/movies_thriller_firstgenre_1996-2025_cap500/tt0833448.jpg,downloaded,13060
248,Time Bomb,2008,posters/movies_thriller_firstgenre_1996-2025_cap500/tt1233551.jpg,downloaded,67376
249,Head Under Water,2007,posters/movies_thriller_firstgenre_1996-2025_cap500/tt0881916.jpg,downloaded,7987
250,Dirty Work,2006,posters/movies_thriller_firstgenre_1996-2025_cap500/tt0397105.jpg,downloaded,266408
251,The Boy Next Door,2015,posters/movies_thriller_firstgenre_1996-2025_cap500/tt3181822.jpg,downloaded,241251
252,Tower Block,2012,posters/movies_thriller_firstgenre_1996-2025_cap500/tt1992258.jpg,downloaded,128876
253,Not Safe for Work,2014,posters/movies_thriller_firstgenre_1996-2025_cap500/tt2226495.jpg,downloaded,257627
254,House of Good and Evil,2013,posters/movies_thriller_firstgenre_1996-2025_cap500/tt1068953.jpg,downloaded,239019
255,Chotushkone,2014,posters/movies_thriller_firstgenre_1996-2025_cap500/tt4115752.jpg,downloaded,302632
256,Hoodies vs. Hooligans,2014,,no_match,
257,The Barber,2014,posters/movies_thriller_firstgenre_1996-2025_cap500/tt2194826.jpg,downloaded,298663
258,Traders,2015,posters/movies_thriller_firstgenre_1996-2025_cap500/tt3531578.jpg,downloaded,510206
259,The Fourth State,2012,posters/movies_thriller_firstgenre_1996-2025_cap500/tt1709122.jpg,downloaded,92484
260,ID:A,2011,posters/movies_thriller_firstgenre_1996-2025_cap500/tt1731998.jpg,downloaded,86985
261,River,2015,posters/movies_thriller_firstgenre_1996-2025_cap500/tt4215810.jpg,downloaded,365331
262,The Victim,2011,posters/movies_thriller_firstgenre_1996-2025_cap500/tt1684564.jpg,downloaded,50671
263,At Granny's House,2015,posters/movies_thriller_firstgenre_1996-2025_cap500/tt3472714.jpg,downloaded,379050
264,The Yellow Wallpaper,2012,posters/movies_thriller_firstgenre_1996-2025_cap500/tt0790788.jpg,downloaded,1119249
265,Enakkul Oruvan,2015,posters/movies_thriller_firstgenre_1996-2025_cap500/tt4047104.jpg,downloaded,307002
266,Final: The Rapture,2013,posters/movies_thriller_firstgenre_1996-2025_cap500/tt2710368.jpg,downloaded,224903
267,Tomorrow You're Gone,2012,posters/movies_thriller_firstgenre_1996-2025_cap500/tt1838475.jpg,downloaded,150229
268,Occupant,2011,posters/movies_thriller_firstgenre_1996-2025_cap500/tt1671582.jpg,downloaded,79906
269,A Patch of Fog,2015,posters/movies_thriller_firstgenre_1996-2025_cap500/tt2181282.jpg,downloaded,356187
270,Taped,2012,posters/movies_thriller_firstgenre_1996-2025_cap500/tt1735900.jpg,downloaded,87548
271,The Idealist,2015,posters/movies_thriller_firstgenre_1996-2025_cap500/tt3170900.jpg,downloaded,335490
272,Way of the Wicked,2014,posters/movies_thriller_firstgenre_1996-2025_cap500/tt2483208.jpg,downloaded,255278
273,Rajathandhiram,2015,posters/movies_thriller_firstgenre_1996-2025_cap500/tt4446318.jpg,downloaded,330399
274,Cut Snake,2014,posters/movies_thriller_firstgenre_1996-2025_cap500/tt2574576.jpg,downloaded,284875
275,Dark Blood,2012,posters/movies_thriller_firstgenre_1996-2025_cap500/tt0293069.jpg,downloaded,171823
276,Requiem for a Killer,2011,posters/movies_thriller_firstgenre_1996-2025_cap500/tt1723047.jpg,downloaded,68280
277,The Employer,2013,posters/movies_thriller_firstgenre_1996-2025_cap500/tt1863203.jpg,downloaded,191094
278,Jerusalem Countdown,2011,posters/movies_thriller_firstgenre_1996-2025_cap500/tt1562563.jpg,downloaded,89593
279,The Maid's Room,2013,posters/movies_thriller_firstgenre_1996-2025_cap500/tt2263814.jpg,downloaded,278348
280,The Mark of the Angels - Miserere,2013,posters/movies_thriller_firstgenre_1996-2025_cap500/tt2354215.jpg,downloaded,201759
281,"Sympathy, Said the Shark",2015,,no_poster,376006
282,The Subjects,2015,posters/movies_thriller_firstgenre_1996-2025_cap500/tt4224478.jpg,downloaded,347258
283,Image,2014,,no_poster,400697
284,Colosio,2012,posters/movies_thriller_firstgenre_1996-2025_cap500/tt2398143.jpg,downloaded,151708
285,Red Line,2013,posters/movies_thriller_firstgenre_1996-2025_cap500/tt1930458.jpg,downloaded,206419
286,The Devil's Path,2013,posters/movies_thriller_firstgenre_1996-2025_cap500/tt2565752.jpg,downloaded,253775
287,Thira,2013,posters/movies_thriller_firstgenre_1996-2025_cap500/tt3329774.jpg,downloaded,239793
288,Enter the Dangerous Mind,2013,posters/movies_thriller_firstgenre_1996-2025_cap500/tt2229377.jpg,downloaded,176077
289,Supercapitalist,2012,posters/movies_thriller_firstgenre_1996-2025_cap500/tt1734586.jpg,downloaded,119458
290,Víkend,2015,posters/movies_thriller_firstgenre_1996-2025_cap500/tt3257610.jpg,downloaded,352917
291,Glamour,2015,posters/movies_thriller_firstgenre_1996-2025_cap500/tt7874712.jpg,downloaded,346489
292,Reckless,2014,posters/movies_thriller_firstgenre_1996-2025_cap500/tt3202306.jpg,downloaded,293796
293,Shutter,2012,posters/movies_thriller_firstgenre_1996-2025_cap500/tt2522328.jpg,downloaded,178314
294,Arima Nambi,2014,posters/movies_thriller_firstgenre_1996-2025_cap500/tt3681464.jpg,downloaded,263505
295,Honour,2014,posters/movies_thriller_firstgenre_1996-2025_cap500/tt1738351.jpg,downloaded,258947
296,The Royal Bengal Tiger,2014,posters/movies_thriller_firstgenre_1996-2025_cap500/tt3479858.jpg,downloaded,262918
297,Son of Cain,2013,posters/movies_thriller_firstgenre_1996-2025_cap500/tt2090497.jpg,downloaded,161823
298,Bad Karma,2012,posters/movies_thriller_firstgenre_1996-2025_cap500/tt1847548.jpg,downloaded,122796
299,Ee Adutha Kaalath,2012,posters/movies_thriller_firstgenre_1996-2025_cap500/tt2188733.jpg,downloaded,115692
300,Försvunnen,2011,posters/movies_thriller_firstgenre_1996-2025_cap500/tt1731990.jpg,downloaded,85375
301,LiveJustine,2015,,no_match,
302,Favor,2013,posters/movies_thriller_firstgenre_1996-2025_cap500/tt1971397.jpg,downloaded,93456
303,The Clearstream Affair,2014,posters/movies_thriller_firstgenre_1996-2025_cap500/tt3037028.jpg,downloaded,320318
304,My Trip Back to the Dark Side,2014,posters/movies_thriller_firstgenre_1996-2025_cap500/tt1810710.jpg,downloaded,339709
305,Byomkesh Phire Elo,2014,posters/movies_thriller_firstgenre_1996-2025_cap500/tt4282396.jpg,downloaded,379672
306,The Child,2012,posters/movies_thriller_firstgenre_1996-2025_cap500/tt1921111.jpg,downloaded,1032780
307,From Beneath,2012,posters/movies_thriller_firstgenre_1996-2025_cap500/tt2215366.jpg,downloaded,149592
308,Still,2014,posters/movies_thriller_firstgenre_1996-2025_cap500/tt2531168.jpg,downloaded,284293
309,The Holding,2011,posters/movies_thriller_firstgenre_1996-2025_cap500/tt1582621.jpg,downloaded,74394
310,The Devil's in the Details,2013,posters/movies_thriller_firstgenre_1996-2025_cap500/tt2137359.jpg,downloaded,173980
311,Flirting with Madness,2015,posters/movies_thriller_firstgenre_1996-2025_cap500/tt4819458.jpg,downloaded,350931
312,Unknown Caller,2014,posters/movies_thriller_firstgenre_1996-2025_cap500/tt3384870.jpg,downloaded,328820
313,Rana Vikrama,2015,posters/movies_thriller_firstgenre_1996-2025_cap500/tt4597454.jpg,downloaded,691633
314,The Debt,2015,,no_poster,406610
315,Drones,2013,posters/movies_thriller_firstgenre_1996-2025_cap500/tt2179027.jpg,downloaded,228933
316,Para Elisa,2012,posters/movies_thriller_firstgenre_1996-2025_cap500/tt2403419.jpg,downloaded,427900
317,Taj Mahal,2015,posters/movies_thriller_firstgenre_1996-2025_cap500/tt4213764.jpg,downloaded,358403
318,"Y/N: You Lie, You Die",2012,posters/movies_thriller_firstgenre_1996-2025_cap500/tt1927172.jpg,downloaded,187263
319,Four,2011,posters/movies_thriller_firstgenre_1996-2025_cap500/tt1645074.jpg,downloaded,46529
320,Paris Under Watch,2012,posters/movies_thriller_firstgenre_1996-2025_cap500/tt2106321.jpg,downloaded,98277
321,The King's Surrender,2014,posters/movies_thriller_firstgenre_1996-2025_cap500/tt2718442.jpg,downloaded,294483
322,A Dark Reflection,2015,posters/movies_thriller_firstgenre_1996-2025_cap500/tt2662218.jpg,downloaded,327266
323,Suspension of Disbelief,2012,posters/movies_thriller_firstgenre_1996-2025_cap500/tt2265565.jpg,downloaded,204761
324,Chennaiyil Oru Naal,2013,posters/movies_thriller_firstgenre_1996-2025_cap500/tt2816642.jpg,downloaded,181268
325,20 Feet Below: The Darkness Descending,2014,posters/movies_thriller_firstgenre_1996-2025_cap500/tt2516610.jpg,downloaded,259879
326,Refuge,2013,posters/movies_thriller_firstgenre_1996-2025_cap500/tt2292196.jpg,downloaded,201066
327,Hidden in the Woods,2014,posters/movies_thriller_firstgenre_1996-2025_cap500/tt2320388.jpg,downloaded,267931
328,The Unbroken,2012,posters/movies_thriller_firstgenre_1996-2025_cap500/tt2111466.jpg,downloaded,212731
329,Superstar Kidnap,2015,posters/movies_thriller_firstgenre_1996-2025_cap500/tt4869678.jpg,downloaded,307772
330,Twenty8k,2012,posters/movies_thriller_firstgenre_1996-2025_cap500/tt1833885.jpg,downloaded,130975
331,Murder on the 13th Floor,2012,posters/movies_thriller_firstgenre_1996-2025_cap500/tt2125558.jpg,downloaded,171375
332,La foresta di ghiaccio,2014,posters/movies_thriller_firstgenre_1996-2025_cap500/tt2559786.jpg,downloaded,298864
333,Geethanjali,2013,posters/movies_thriller_firstgenre_1996-2025_cap500/tt3322506.jpg,downloaded,245492
334,The Bar,2017,posters/movies_thriller_firstgenre_1996-2025_cap500/tt5121816.jpg,downloaded,485157
335,Through the Glass Darkly,2020,posters/movies_thriller_firstgenre_1996-2025_cap500/tt5585272.jpg,downloaded,737666
336,Wander,2020,posters/movies_thriller_firstgenre_1996-2025_cap500/tt9689696.jpg,downloaded,540023
337,Chase,2019,posters/movies_thriller_firstgenre_1996-2025_cap500/tt8160864.jpg,downloaded,602661
338,The Dunes,2021,posters/movies_thriller_firstgenre_1996-2025_cap500/tt6910678.jpg,downloaded,911972
339,Drone,2017,posters/movies_thriller_firstgenre_1996-2025_cap500/tt5352846.jpg,downloaded,452068
340,Kuruthi,2021,posters/movies_thriller_firstgenre_1996-2025_cap500/tt13551614.jpg,downloaded,813808
341,Kshanam,2016,posters/movies_thriller_firstgenre_1996-2025_cap500/tt5504168.jpg,downloaded,386427
342,Rebirth,2016,posters/movies_thriller_firstgenre_1996-2025_cap500/tt4902716.jpg,downloaded,369033
343,Impossible Monsters,2019,posters/movies_thriller_firstgenre_1996-2025_cap500/tt4328094.jpg,downloaded,598058
344,The Laws of the Border,2021,posters/movies_thriller_firstgenre_1996-2025_cap500/tt11892272.jpg,downloaded,776821
345,The Man Standing Next,2020,posters/movies_thriller_firstgenre_1996-2025_cap500/tt11358398.jpg,downloaded,566397
346,American Fable,2016,posters/movies_thriller_firstgenre_1996-2025_cap500/tt4671002.jpg,downloaded,381064
347,Captors,2020,posters/movies_thriller_firstgenre_1996-2025_cap500/tt8610036.jpg,downloaded,634301
348,Chronicle of a Serial Killer,2020,posters/movies_thriller_firstgenre_1996-2025_cap500/tt4269310.jpg,downloaded,815078
349,Oru Canadian Diary,2021,posters/movies_thriller_firstgenre_1996-2025_cap500/tt16228146.jpg,downloaded,976981
350,The Model,2016,posters/movies_thriller_firstgenre_1996-2025_cap500/tt4074364.jpg,downloaded,424988
351,Surge,2020,posters/movies_thriller_firstgenre_1996-2025_cap500/tt9305634.jpg,downloaded,653584
352,Kill Plan,2021,posters/movies_thriller_firstgenre_1996-2025_cap500/tt13332610.jpg,downloaded,790786
353,Let the Corpses Tan,2017,posters/movies_thriller_firstgenre_1996-2025_cap500/tt5827212.jpg,downloaded,422708
354,Edge of Fear,2018,posters/movies_thriller_firstgenre_1996-2025_cap500/tt7149916.jpg,downloaded,539619
355,The Institute,2017,posters/movies_thriller_firstgenre_1996-2025_cap500/tt5788136.jpg,downloaded,447759
356,Transpecos,2016,posters/movies_thriller_firstgenre_1996-2025_cap500/tt4687464.jpg,downloaded,381018
357,The Prime Minister,2016,posters/movies_thriller_firstgenre_1996-2025_cap500/tt5357556.jpg,downloaded,394645
358,Beacon Point,2016,posters/movies_thriller_firstgenre_1996-2025_cap500/tt3122390.jpg,downloaded,398943
359,Feral State,2020,posters/movies_thriller_firstgenre_1996-2025_cap500/tt10283902.jpg,downloaded,794379
360,Security,2021,posters/movies_thriller_firstgenre_1996-2025_cap500/tt11892916.jpg,downloaded,1016100
361,8 Thottakkal,2017,posters/movies_thriller_firstgenre_1996-2025_cap500/tt6747242.jpg,downloaded,450496
362,Evening Installation,2019,posters/movies_thriller_firstgenre_1996-2025_cap500/tt8464364.jpg,downloaded,639540
363,Bluebeard,2017,posters/movies_thriller_firstgenre_1996-2025_cap500/tt6599340.jpg,downloaded,435809
364,Ko 2,2016,posters/movies_thriller_firstgenre_1996-2025_cap500/tt5215260.jpg,downloaded,363978
365,Raahu,2020,posters/movies_thriller_firstgenre_1996-2025_cap500/tt10768548.jpg,downloaded,679053
366,Spider in the Web,2019,posters/movies_thriller_firstgenre_1996-2025_cap500/tt7942736.jpg,downloaded,513413
367,Kapata Nataka Sutradhari,2021,posters/movies_thriller_firstgenre_1996-2025_cap500/tt15541632.jpg,downloaded,1037918
368,Vellai Pookal,2019,posters/movies_thriller_firstgenre_1996-2025_cap500/tt10055770.jpg,downloaded,592675
369,Beach House,2018,posters/movies_thriller_firstgenre_1996-2025_cap500/tt5192674.jpg,downloaded,521190
370,Captive,2020,posters/movies_thriller_firstgenre_1996-2025_cap500/tt8273104.jpg,downloaded,634301
371,Hacked,2020,posters/movies_thriller_firstgenre_1996-2025_cap500/tt11027850.jpg,downloaded,724457
372,Oka Chinna Viramam,2020,posters/movies_thriller_firstgenre_1996-2025_cap500/tt11041466.jpg,downloaded,677089
373,Dark Cove,2016,posters/movies_thriller_firstgenre_1996-2025_cap500/tt2277834.jpg,downloaded,410221
374,Bhramam,2021,posters/movies_thriller_firstgenre_1996-2025_cap500/tt13990280.jpg,downloaded,803391
375,The Holly Kane Experiment,2017,posters/movies_thriller_firstgenre_1996-2025_cap500/tt4862506.jpg,downloaded,450100
376,Til Death Do Us Part,2017,posters/movies_thriller_firstgenre_1996-2025_cap500/tt6848602.jpg,downloaded,467192
377,Welcome to Curiosity,2018,posters/movies_thriller_firstgenre_1996-2025_cap500/tt3517306.jpg,downloaded,521926
378,Beneath the Leaves,2019,posters/movies_thriller_firstgenre_1996-2025_cap500/tt4574654.jpg,downloaded,575745
379,Torn: Dark Bullets,2020,posters/movies_thriller_firstgenre_1996-2025_cap500/tt8386654.jpg,downloaded,696610
380,TKG: The Kids of Grove,2020,posters/movies_thriller_firstgenre_1996-2025_cap500/tt9414574.jpg,downloaded,746180
381,They Remain,2018,posters/movies_thriller_firstgenre_1996-2025_cap500/tt4991112.jpg,downloaded,522663
382,Erida,2021,posters/movies_thriller_firstgenre_1996-2025_cap500/tt15767324.jpg,downloaded,889567
383,True,2021,posters/movies_thriller_firstgenre_1996-2025_cap500/tt14515572.jpg,downloaded,883217
384,Il talento del calabrone,2020,posters/movies_thriller_firstgenre_1996-2025_cap500/tt9916270.jpg,downloaded,670203
385,Berlin Falling,2017,posters/movies_thriller_firstgenre_1996-2025_cap500/tt5286432.jpg,downloaded,429886
386,The Madness Within,2019,posters/movies_thriller_firstgenre_1996-2025_cap500/tt3921694.jpg,downloaded,653358
387,Warning Shot,2018,posters/movies_thriller_firstgenre_1996-2025_cap500/tt5113250.jpg,downloaded,456178
388,The Devil to Pay,2019,posters/movies_thriller_firstgenre_1996-2025_cap500/tt7631568.jpg,downloaded,449459
389,False Witness,2019,posters/movies_thriller_firstgenre_1996-2025_cap500/tt6648932.jpg,downloaded,617366
390,Attention Please,2021,posters/movies_thriller_firstgenre_1996-2025_cap500/tt13423468.jpg,downloaded,798488
391,Every Time I Die,2019,posters/movies_thriller_firstgenre_1996-2025_cap500/tt6659936.jpg,downloaded,612571
392,Zero 3,2017,posters/movies_thriller_firstgenre_1996-2025_cap500/tt6194850.jpg,downloaded,437830
393,70 Big Ones,2018,posters/movies_thriller_firstgenre_1996-2025_cap500/tt7972178.jpg,downloaded,551499
394,Heartbeat,2020,posters/movies_thriller_firstgenre_1996-2025_cap500/tt11127512.jpg,downloaded,727796
395,A Higher Law,2021,posters/movies_thriller_firstgenre_1996-2025_cap500/tt15844776.jpg,downloaded,900309
396,Mainkar Chipay,2020,posters/movies_thriller_firstgenre_1996-2025_cap500/tt13356580.jpg,downloaded,762338
397,Inexorable,2021,posters/movies_thriller_firstgenre_1996-2025_cap500/tt12715472.jpg,downloaded,781099
398,Sleepwalker,2017,posters/movies_thriller_firstgenre_1996-2025_cap500/tt4185370.jpg,downloaded,345680
399,Blank,2019,posters/movies_thriller_firstgenre_1996-2025_cap500/tt9052936.jpg,downloaded,531503
400,Nabab LLB,2020,posters/movies_thriller_firstgenre_1996-2025_cap500/tt13793498.jpg,downloaded,901253
401,The Lighthouse,2016,posters/movies_thriller_firstgenre_1996-2025_cap500/tt3520714.jpg,downloaded,430161
402,Alone,2020,posters/movies_thriller_firstgenre_1996-2025_cap500/tt10332854.jpg,downloaded,661950
403,Puriyaatha Puthir,2017,posters/movies_thriller_firstgenre_1996-2025_cap500/tt3407614.jpg,downloaded,270780
404,Boyne Falls,2018,posters/movies_thriller_firstgenre_1996-2025_cap500/tt5608000.jpg,downloaded,516579
405,Eagoler Chokh,2016,posters/movies_thriller_firstgenre_1996-2025_cap500/tt6158988.jpg,downloaded,433814
406,Kee,2019,posters/movies_thriller_firstgenre_1996-2025_cap500/tt7508630.jpg,downloaded,585747
407,Evolution of Evil,2018,posters/movies_thriller_firstgenre_1996-2025_cap500/tt7385832.jpg,downloaded,542036
408,Dead Reckoning,2020,posters/movies_thriller_firstgenre_1996-2025_cap500/tt4194558.jpg,downloaded,463870
409,Kaleidoscope,2016,posters/movies_thriller_firstgenre_1996-2025_cap500/tt5634088.jpg,downloaded,593509
410,Maa Oori Polimera,2021,posters/movies_thriller_firstgenre_1996-2025_cap500/tt16404416.jpg,downloaded,913761
411,Indiscretion,2016,posters/movies_thriller_firstgenre_1996-2025_cap500/tt3147336.jpg,downloaded,407794
412,Y,2017,posters/movies_thriller_firstgenre_1996-2025_cap500/tt5582430.jpg,downloaded,437542
413,Aa Karaala Ratri,2018,posters/movies_thriller_firstgenre_1996-2025_cap500/tt8043456.jpg,downloaded,536475
414,Power Play,2021,posters/movies_thriller_firstgenre_1996-2025_cap500/tt13844126.jpg,downloaded,800343
415,Kadhanika,2021,,no_match,
416,Street Light,2021,posters/movies_thriller_firstgenre_1996-2025_cap500/tt15876346.jpg,downloaded,862314
417,I Came By,2022,posters/movies_thriller_firstgenre_1996-2025_cap500/tt15083184.jpg,downloaded,852448
418,Locked,2025,posters/movies_thriller_firstgenre_1996-2025_cap500/tt26671996.jpg,downloaded,1083968
419,On the Line,2022,posters/movies_thriller_firstgenre_1996-2025_cap500/tt14824590.jpg,downloaded,979924
420,The Surfer,2024,posters/movies_thriller_firstgenre_1996-2025_cap500/tt27813235.jpg,downloaded,1430855
421,Hurry Up Tomorrow,2025,posters/movies_thriller_firstgenre_1996-2025_cap500/tt26927452.jpg,downloaded,1093237
422,97 Minutes,2023,posters/movies_thriller_firstgenre_1996-2025_cap500/tt16496386.jpg,downloaded,940241
423,MK Ultra,2022,posters/movies_thriller_firstgenre_1996-2025_cap500/tt7147158.jpg,downloaded,1018247
424,Amber Alert,2024,posters/movies_thriller_firstgenre_1996-2025_cap500/tt31450182.jpg,downloaded,1248753
425,Brut Force,2022,posters/movies_thriller_firstgenre_1996-2025_cap500/tt12476270.jpg,downloaded,959617
426,Naane Varuvean,2022,posters/movies_thriller_firstgenre_1996-2025_cap500/tt13845438.jpg,downloaded,785664
427,The Wasp,2024,posters/movies_thriller_firstgenre_1996-2025_cap500/tt21958136.jpg,downloaded,1019404
428,Undercover,2024,posters/movies_thriller_firstgenre_1996-2025_cap500/tt29270150.jpg,downloaded,1273487
429,Borrego,2022,posters/movies_thriller_firstgenre_1996-2025_cap500/tt12676006.jpg,downloaded,728366
430,God's Country,2022,posters/movies_thriller_firstgenre_1996-2025_cap500/tt11818818.jpg,downloaded,879990
431,Magpie,2024,posters/movies_thriller_firstgenre_1996-2025_cap500/tt20202324.jpg,downloaded,974292
432,Fall for Me,2025,posters/movies_thriller_firstgenre_1996-2025_cap500/tt32543884.jpg,downloaded,1300116
433,The Lesson,2023,,no_poster,1100600
434,Heat Is On,2023,posters/movies_thriller_firstgenre_1996-2025_cap500/tt27655241.jpg,downloaded,1027689
435,The King Tide,2023,posters/movies_thriller_firstgenre_1996-2025_cap500/tt6632018.jpg,downloaded,1159477
436,Your Lucky Day,2023,posters/movies_thriller_firstgenre_1996-2025_cap500/tt16424988.jpg,downloaded,923993
437,Accused,2023,posters/movies_thriller_firstgenre_1996-2025_cap500/tt12648266.jpg,downloaded,912974
438,Old Man,2022,posters/movies_thriller_firstgenre_1996-2025_cap500/tt13456976.jpg,downloaded,999722
439,Interrogation,2025,posters/movies_thriller_firstgenre_1996-2025_cap500/tt33245951.jpg,downloaded,1340486
440,Pravinkoodu Shappu,2025,posters/movies_thriller_firstgenre_1996-2025_cap500/tt32539176.jpg,downloaded,1251551
441,Kalasa: The Symbol of Abundance,2023,,no_match,
442,Crawlspace,2022,posters/movies_thriller_firstgenre_1996-2025_cap500/tt14394620.jpg,downloaded,879538
443,Cold Meat,2023,posters/movies_thriller_firstgenre_1996-2025_cap500/tt17067574.jpg,downloaded,1032372
444,Zero Contact,2022,posters/movies_thriller_firstgenre_1996-2025_cap500/tt12359080.jpg,downloaded,872170
445,Inheritance,2025,posters/movies_thriller_firstgenre_1996-2025_cap500/tt31050620.jpg,downloaded,1297860
446,Dangerous Waters,2023,posters/movies_thriller_firstgenre_1996-2025_cap500/tt20024428.jpg,downloaded,980285
447,Walden,2023,posters/movies_thriller_firstgenre_1996-2025_cap500/tt21202916.jpg,downloaded,1193341
448,Brahmavaram PS Paridilo,2024,posters/movies_thriller_firstgenre_1996-2025_cap500/tt27510137.jpg,downloaded,1542730
449,The Surprise Visit,2022,posters/movies_thriller_firstgenre_1996-2025_cap500/tt13362890.jpg,downloaded,917300
450,A Ranjith Cinema,2023,posters/movies_thriller_firstgenre_1996-2025_cap500/tt13004806.jpg,downloaded,911289
451,Thiru.Manickam,2024,posters/movies_thriller_firstgenre_1996-2025_cap500/tt27744719.jpg,downloaded,1199638
452,Viraaji,2024,posters/movies_thriller_firstgenre_1996-2025_cap500/tt30790226.jpg,downloaded,1324663
453,Heatwave,2022,posters/movies_thriller_firstgenre_1996-2025_cap500/tt17291716.jpg,downloaded,928270
454,Escape,2023,posters/movies_thriller_firstgenre_1996-2025_cap500/tt26451068.jpg,downloaded,818621
455,The Painter,2024,posters/movies_thriller_firstgenre_1996-2025_cap500/tt30253266.jpg,downloaded,1211957
456,Karna Pisachi,2024,,no_match,
457,Footage,2024,posters/movies_thriller_firstgenre_1996-2025_cap500/tt27219011.jpg,downloaded,1103593
458,O2,2022,posters/movies_thriller_firstgenre_1996-2025_cap500/tt15115804.jpg,downloaded,972646
459,My Name Is Shruthi,2023,posters/movies_thriller_firstgenre_1996-2025_cap500/tt23635174.jpg,downloaded,948990
460,Dark Obsession,2023,posters/movies_thriller_firstgenre_1996-2025_cap500/tt12312854.jpg,downloaded,863413
461,Bujji Ila Raa,2022,posters/movies_thriller_firstgenre_1996-2025_cap500/tt21626274.jpg,downloaded,1022396
462,EVOL: A Love Story in Reverse,2024,,no_match,
463,Maadeva,2025,posters/movies_thriller_firstgenre_1996-2025_cap500/tt28789314.jpg,downloaded,1494159
464,Sir,2024,posters/movies_thriller_firstgenre_1996-2025_cap500/tt26903465.jpg,downloaded,1019232
465,Veppam Kulir Mazhai,2024,posters/movies_thriller_firstgenre_1996-2025_cap500/tt31719063.jpg,downloaded,1258940
466,La Vaste,2023,posters/movies_thriller_firstgenre_1996-2025_cap500/tt26770525.jpg,downloaded,75012
467,Tenant,2024,posters/movies_thriller_firstgenre_1996-2025_cap500/tt29866163.jpg,downloaded,1273492
468,Vadu Evadu,2023,,no_match,
469,Clinic,2023,posters/movies_thriller_firstgenre_1996-2025_cap500/tt20674378.jpg,downloaded,1186904
470,Rahasya,2022,,no_poster,1175524
471,The Reading,2023,posters/movies_thriller_firstgenre_1996-2025_cap500/tt13358022.jpg,downloaded,1081694
472,Dhimahi,2023,,no_match,
473,Revu,2024,posters/movies_thriller_firstgenre_1996-2025_cap500/tt33144173.jpg,downloaded,1400041
474,Identity,2022,posters/movies_thriller_firstgenre_1996-2025_cap500/tt21932820.jpg,downloaded,848198
475,Veekshanam,2024,,no_match,
476,Nindha,2024,posters/movies_thriller_firstgenre_1996-2025_cap500/tt32178794.jpg,downloaded,1307065
477,Rudrakshapuram 3KM,2024,,no_match,
478,Jenma Natchathiram,2025,posters/movies_thriller_firstgenre_1996-2025_cap500/tt32469000.jpg,downloaded,1514063
479,Raktabeej,2023,posters/movies_thriller_firstgenre_1996-2025_cap500/tt28513338.jpg,downloaded,1094073
480,Naa Ninna Bidalaare,2024,posters/movies_thriller_firstgenre_1996-2025_cap500/tt33503554.jpg,downloaded,609347
481,Grey: The Spy Who Loved Me,2023,,no_poster,1187840
482,The Man in the White Van,2023,posters/movies_thriller_firstgenre_1996-2025_cap500/tt13232552.jpg,downloaded,877087
483,Black Diamond,2025,posters/movies_thriller_firstgenre_1996-2025_cap500/tt21065274.jpg,downloaded,1091862
484,Stowaway,2022,posters/movies_thriller_firstgenre_1996-2025_cap500/tt8889818.jpg,downloaded,999205
485,The Trial,2023,posters/movies_thriller_firstgenre_1996-2025_cap500/tt29900584.jpg,downloaded,1171989
486,Eesho,2022,posters/movies_thriller_firstgenre_1996-2025_cap500/tt13557090.jpg,downloaded,829675
487,Follow Her,2022,posters/movies_thriller_firstgenre_1996-2025_cap500/tt9172960.jpg,downloaded,943919
488,Neerukulla 35km,2025,,no_match,
489,Happily Married,2024,posters/movies_thriller_firstgenre_1996-2025_cap500/tt15333544.jpg,downloaded,363733
490,Dead Line,2023,posters/movies_thriller_firstgenre_1996-2025_cap500/tt21223140.jpg,downloaded,1030712
491,Raktabeej 2,2025,posters/movies_thriller_firstgenre_1996-2025_cap500/tt36132462.jpg,downloaded,1390615
492,Silk Saree,2024,,no_match,
493,Logout,2024,posters/movies_thriller_firstgenre_1996-2025_cap500/tt27721892.jpg,downloaded,1386801
494,The Black Book,2023,posters/movies_thriller_firstgenre_1996-2025_cap500/tt24083908.jpg,downloaded,1172009
495,Stranger in the Woods,2024,posters/movies_thriller_firstgenre_1996-2025_cap500/tt19316408.jpg,downloaded,1175038
496,Collide,2022,,no_poster,1041585
497,Ten Hours,2025,posters/movies_thriller_firstgenre_1996-2025_cap500/tt29456794.jpg,downloaded,1465245
498,Maranam,2024,posters/movies_thriller_firstgenre_1996-2025_cap500/tt14799552.jpg,downloaded,1246003
499,Duobeje,2024,posters/movies_thriller_firstgenre_1996-2025_cap500/tt33241354.jpg,downloaded,1321430
500,Valiant One,2025,posters/movies_thriller_firstgenre_1996-2025_cap500/tt21442114.jpg,downloaded,1009640
